{
  "num_examples": 50,
  "bleu": 57.971330113363315,
  "chrf": 70.06354337658026,
  "chrfpp": 68.9223473256916
}