{
  "num_examples": 50,
  "bleu": 1.4955298325443376,
  "chrf": 23.56617579907799,
  "chrfpp": 20.735723902182766
}