{
  "num_examples": 50,
  "bleu": 1.82121696881907,
  "chrf": 28.35236482282969,
  "chrfpp": 25.38957146550954
}