{
  "num_examples": 50,
  "bleu": 63.93470597323368,
  "chrf": 72.37257333455658,
  "chrfpp": 71.64312758998983
}