{
  "num_examples": 50,
  "bleu": 1.9564921774028732,
  "chrf": 27.767278300811043,
  "chrfpp": 25.032727873249193
}