{
  "num_examples": 50,
  "bleu": 0.4847637790946539,
  "chrf": 12.233194563726828,
  "chrfpp": 11.771960512683378
}