{
  "num_examples": 50,
  "bleu": 2.2813434837863165,
  "chrf": 21.1172457364541,
  "chrfpp": 17.975297017484486
}