{
  "num_examples": 50,
  "bleu": 2.7898232308794695,
  "chrf": 29.079691692212222,
  "chrfpp": 26.49649711912529
}