{
  "num_examples": 50,
  "bleu": 2.5040879555154603,
  "chrf": 27.810380266490213,
  "chrfpp": 25.334673648978484
}