{
  "num_examples": 50,
  "bleu": 3.6458177650045656,
  "chrf": 26.82839490291285,
  "chrfpp": 24.591946230807572
}