{
  "num_examples": 50,
  "bleu": 37.25187924865054,
  "chrf": 50.091881632551036,
  "chrfpp": 48.239676339862626
}