{
  "num_examples": 50,
  "bleu": 2.226328220681104,
  "chrf": 28.67738142118203,
  "chrfpp": 26.357398164366774
}