{
  "num_examples": 50,
  "bleu": 2.0129426554356886,
  "chrf": 20.56922260730317,
  "chrfpp": 17.422355053280558
}