{
  "num_examples": 50,
  "bleu": 2.631577238380372,
  "chrf": 27.699921019721412,
  "chrfpp": 25.171319936460872
}