{
  "num_examples": 50,
  "bleu": 2.618678398518692,
  "chrf": 28.373158217811685,
  "chrfpp": 25.79740966224766
}