{
  "num_examples": 50,
  "bleu": 2.397553465929708,
  "chrf": 28.303090350546885,
  "chrfpp": 25.999931747477294
}