{
  "num_examples": 50,
  "bleu": 1.920244785145427,
  "chrf": 28.682382349109236,
  "chrfpp": 26.231645346997734
}