{
  "num_examples": 50,
  "bleu": 2.8387437045531567,
  "chrf": 21.336852758495116,
  "chrfpp": 18.09350673627168
}