{
  "num_examples": 50,
  "bleu": 0.5164680133311012,
  "chrf": 12.17427236931883,
  "chrfpp": 11.809340031711342
}