{
  "num_examples": 50,
  "bleu": 44.00173196380478,
  "chrf": 62.011184743531636,
  "chrfpp": 60.48954831699395
}