{
  "num_examples": 50,
  "bleu": 2.346810960757388,
  "chrf": 28.673953510453092,
  "chrfpp": 26.16937049824182
}