{
  "num_examples": 50,
  "bleu": 1.1547149304926967,
  "chrf": 28.4313139632959,
  "chrfpp": 25.206454663199462
}